x,height
0,-0.0000
1,1.0940
2,2.2542
3,3.5408
4,5.0077
5,6.7222
6,8.7580
7,11.1665
8,13.9541
9,17.0749
10,20.4384
11,23.9222
12,27.3888
13,30.7045
14,33.7559
15,36.4638
16,38.7904
17,40.7366
18,42.3292
19,43.5994
20,44.5866
21,45.3253
22,45.8376
23,46.1488
24,46.2963
25,46.3337
26,46.3318
27,46.3573
28,46.4561
29,46.6675
30,47.0323
31,47.5931
32,48.3899
33,49.4552
34,50.8084
35,52.4519
36,54.3664
37,56.5083
38,58.8003
39,61.1143
40,63.2938
41,65.1866
42,66.6701
43,67.6662
44,68.1484
45,68.1401
46,67.7073
47,66.9463
48,65.9681
49,64.8812
50,63.7752
51,62.7121
52,61.7270
53,60.8320
54,60.0233
55,59.2948
56,58.6381
57,58.0432
58,57.5132
59,57.0650
60,56.7135
61,56.4642
62,56.3107
63,56.2361
64,56.2162
65,56.2231
66,56.2277
67,56.2010
68,56.1134
69,55.9331
70,55.6300
71,55.1796
72,54.5744
73,53.8285
74,52.9723
75,52.0450
76,51.0832
77,50.1147
78,49.1487
79,48.1710
80,47.1504
81,46.0430
82,44.7986
83,43.3665
84,41.7027
85,39.7778
86,37.5834
87,35.1378
88,32.4893
89,29.7146
90,26.9119
91,24.1852
92,21.6180
93,19.2584
94,17.1201
95,15.1960
96,13.4803
97,11.9763
98,10.6956
99,9.6516
100,8.8501
101,8.2753
102,7.8770
103,7.5764
104,7.2852
105,6.9216
106,6.4213
107,5.7447
108,4.8775
109,3.8243
110,2.5905
111,1.1612
112,-0.4884
113,-2.3714
114,-4.4714
115,-6.7372
116,-9.0870
117,-11.4193
118,-13.6278
119,-15.6171
120,-17.3181
121,-18.6997
122,-19.7719
123,-20.5784
124,-21.1723
125,-21.5855
126,-21.8471
127,-22.0015
128,-22.1021
129,-22.2012
130,-22.3439
131,-22.5751
132,-22.9755
133,-23.6340
134,-24.6015
135,-25.8689
136,-27.3638
137,-28.9615
138,-30.5042
139,-31.8245
140,-32.7694
141,-33.2219
142,-33.1144
143,-32.4354
144,-31.2262
145,-29.5680
146,-27.5532
147,-25.2798
148,-22.8608
149,-20.4156
150,-18.0542
151,-15.8659
152,-13.9166
153,-12.2289
154,-10.7671
155,-9.4580
156,-8.2090
157,-6.9240
158,-5.5150
159,-3.9147
160,-2.0868
161,-0.0360
162,2.1877
163,4.4916
164,6.7566
165,8.8722
166,10.7824
167,12.4886
168,14.0222
169,15.4187
170,16.7055
171,17.8970
172,18.9975
173,20.0053
174,20.9153
175,21.7167
176,22.3824
177,22.8775
178,23.1778
179,23.2722
180,23.1641
181,22.8719
182,22.4289
183,21.8812
184,21.2826
185,20.6654
186,20.0081
187,19.2764
188,18.4606
189,17.5918
190,16.7426
191,16.0177
192,15.5389
193,15.4284
194,15.7920
195,16.7062
196,18.2093
197,20.2974
198,22.9260
199,26.0180
200,29.4686
201,33.1471
202,36.9085
203,40.6072
204,44.1101
205,47.3207
206,50.2140
207,52.8155
208,55.1688
209,57.3202
210,59.3106
211,61.1695
212,62.9138
213,64.5450
214,66.0474
215,67.3868
216,68.5098
217,69.3518
218,69.8522
219,69.9879
220,69.8104
221,69.4124
222,68.8932
223,68.3621
224,67.9208
225,67.6406
226,67.5491
227,67.6166
228,67.7413
229,67.7734
230,67.5490
231,66.9185
232,65.7698
233,64.0457
234,61.7558
235,58.9804
236,55.8639
237,52.5938
238,49.3619
239,46.3071
240,43.5105
241,41.0285
242,38.8995
243,37.1448
244,35.7683
245,34.7570
246,34.0824
247,33.7051
248,33.5811
249,33.6668
250,33.9198
251,34.3007
252,34.7710
253,35.2919
254,35.8203
255,36.3051
256,36.6891
257,36.9163
258,36.9420
259,36.7227
260,36.2209
261,35.4235
262,34.3461
263,33.0341
264,31.5580
265,30.0033
266,28.4571
267,26.9949
268,25.6690
269,24.5007
270,23.4785
271,22.5635
272,21.7064
273,20.8756
274,20.0524
275,19.2135
276,18.3331
277,17.3874
278,16.3582
279,15.2511
280,14.1324
281,13.1025
282,12.2512
283,11.6330
284,11.2605
285,11.1069
286,11.1152
287,11.2077
288,11.2971
289,11.2961
290,11.1271
291,10.7312
292,10.0782
293,9.1795
294,8.0928
295,6.9100
296,5.7580
297,4.7596
298,4.0004
299,3.5110
300,3.2661
301,3.1946
302,3.1948
303,3.1518
304,2.9504
305,2.4862
306,1.6801
307,0.4919
308,-1.0710
309,-2.9509
310,-5.0478
311,-7.2411
312,-9.4303
313,-11.5688
314,-13.6515
315,-15.6871
316,-17.6788
317,-19.6133
318,-21.4563
319,-23.1510
320,-24.6204
321,-25.7718
322,-26.5045
323,-26.7227
324,-26.3533
325,-25.3732
326,-23.8196
327,-21.7715
328,-19.3316
329,-16.6010
330,-13.6710
331,-10.6300
332,-7.5682
333,-4.5945
334,-1.8169
335,0.6813
336,2.8551
337,4.7019
338,6.2568
339,7.5844
340,8.7657
341,9.8843
342,11.0150
343,12.2121
344,13.5016
345,14.8793
346,16.3159
347,17.7704
348,19.1941
349,20.5297
350,21.7166
351,22.6971
352,23.4136
353,23.8016
354,23.7878
355,23.3179
356,22.3850
357,21.0368
358,19.3687
359,17.5067
360,15.5872
361,13.7341
362,12.0407
363,10.5559
364,9.2788
365,8.1634
366,7.1357
367,6.1174
368,5.0314
369,3.8108
370,2.4114
371,0.8184
372,-0.9522
373,-2.8549
374,-4.8215
375,-6.7711
376,-8.6231
377,-10.3109
378,-11.7887
379,-13.0370
380,-14.0661
381,-14.9198
382,-15.6716
383,-16.4149
384,-17.2388
385,-18.1892
386,-19.2523
387,-20.3775
388,-21.4995
389,-22.5553
390,-23.4943
391,-24.2856
392,-24.9187
393,-25.4047
394,-25.7732
395,-26.0682
396,-26.3409
397,-26.6392
398,-26.9917
399,-27.3856
400,-27.7571
401,-28.0281
402,-28.1281
403,-27.9899
404,-27.5522
405,-26.7653
406,-25.5910
407,-24.0028
408,-21.9988
409,-19.6052
410,-16.8717
411,-13.8685
412,-10.6801
413,-7.3939
414,-4.0890
415,-0.8242
416,2.3700
417,5.4967
418,8.5897
419,11.7043
420,14.8936
421,18.1855
422,21.5922
423,25.1203
424,28.7632
425,32.4959
426,36.2816
427,40.0771
428,43.8301
429,47.4746
430,50.9298
431,54.1075
432,56.9185
433,59.2835
434,61.1436
435,62.4707
436,63.2745
437,63.6043
438,63.5433
439,63.1928
440,62.6486
441,61.9911
442,61.2996
443,60.6440
444,60.0769
445,59.6275
446,59.2977
447,59.0617
448,58.8691
449,58.6550
450,58.3576
451,57.9442
452,57.4227
453,56.8324
454,56.2345
455,55.7029
456,55.3119
457,55.1192
458,55.1400
459,55.3499
460,55.7193
461,56.2166
462,56.7922
463,57.3719
464,57.8590
465,58.1422
466,58.1069
467,57.6497
468,56.6910
469,55.1874
470,53.1382
471,50.5865
472,47.6120
473,44.3091
474,40.7651
475,37.0664
476,33.3044
477,29.5671
478,25.9410
479,22.5103
480,19.3505
481,16.5212
482,14.0543
483,11.9482
484,10.1707
485,8.6611
486,7.3404
487,6.1229
488,4.9301
489,3.7029
490,2.4107
491,1.0578
492,-0.3211
493,-1.6713
494,-2.9429
495,-4.1072
496,-5.1452
497,-6.0520
498,-6.8452
499,-7.5616
500,-8.2497
501,-8.9613
502,-9.7614
503,-10.7369
504,-11.9682
505,-13.5037
506,-15.3471
507,-17.4549
508,-19.7409
509,-22.0847
510,-24.3479
511,-26.3901
